"Size_Class_at_HLES","Breed_Class","Sex","N","Deaths","mort.rate","first.age.mean","followup.years.mean","death.age.mean","first.age.0%","first.age.25%","first.age.50%","first.age.75%","first.age.100%","followup.years.0%","followup.years.25%","followup.years.50%","followup.years.75%","followup.years.100%","death.age.0%","death.age.25%","death.age.50%","death.age.75%","death.age.100%"
"Toy and Small dogs","Non-AKC-Recognized or Mixed Breed","Female",2177, 549,0.1116834,7.736791,2.258008,14.315708, 0.00000000, 3.88524590, 7.49589041,11.14520548,20.77595628,0.005479452,1.046575342,2.081787559,3.715749682,4.839089752, 2.0630137,12.7158470,14.7650273,16.3232877,22.1835616
"Medium dogs","Non-AKC-Recognized or Mixed Breed","Female",2816, 664,0.1033411,6.896761,2.281720,14.031743, 0.00000000, 2.93908414, 6.16164384,10.44657534,25.53698630,0.002732240,1.054794521,2.100931956,3.638603189,4.735788607, 1.2438356,12.7655457,14.4030055,15.9623288,21.7315068
"Standard dogs","Non-AKC-Recognized or Mixed Breed","Female",4191,1082,0.1165671,6.747017,2.214795,13.137124, 0.00000000, 3.00000000, 6.21095890,10.00000000,23.49315068,0.002739726,1.030136986,2.065753425,3.466483270,4.689258178, 1.4164384,11.6769126,13.6867243,15.0246575,25.8712329
"Large dogs","Non-AKC-Recognized or Mixed Breed","Female",1264, 419,0.1533131,7.299086,2.162160,12.547795, 0.15342466, 4.00000000, 7.48082192,10.23561644,22.00000000,0.002739726,1.034860394,2.057534247,3.203858822,4.716752751, 0.8986301,11.1654877,13.0082192,14.3584101,22.6356164
"Giant dogs","Non-AKC-Recognized or Mixed Breed","Female", 292, 101,0.1753415,6.257509,1.972667,11.220399, 0.20821918, 2.99248634, 5.87140505, 9.35273973,14.00000000,0.008219178,1.003235646,1.968493151,3.054431469,4.730683434, 2.6849315, 9.8657534,11.4945355,13.3726027,15.3633880
"Toy and Small dogs","AKC-Recognized Breed","Female",2208, 757,0.1590079,8.146426,2.156146,14.414031, 0.06849315, 3.77595628, 8.33515607,12.13287671,20.87158470,0.002739726,1.027610600,2.050984355,3.309879108,4.722726252, 1.8520548,12.9397260,14.7397260,16.2054795,21.3232877
"Medium dogs","AKC-Recognized Breed","Female",1440, 368,0.1192775,6.812608,2.142529,13.468122, 0.18082192, 2.61438356, 6.17671233,10.64344262,23.48633880,0.002739726,1.027372932,2.035567782,3.201577588,5.000306909, 1.8684932,12.1711187,14.0300546,15.3732091,20.8005464
"Standard dogs","AKC-Recognized Breed","Female",1881, 472,0.1143895,6.344845,2.193648,12.868524, 0.09863014, 2.50136986, 5.62568306, 9.86885246,20.49315068,0.002732240,1.027397260,2.073972603,3.372602740,4.639344262, 0.6465753,11.4054795,13.4022270,14.9321918,22.7835616
"Large dogs","AKC-Recognized Breed","Female",3484,1060,0.1378308,6.324158,2.207402,12.211283, 0.04657534, 2.65208287, 6.00000000, 9.71506849,20.79781421,0.002739726,1.035616438,2.068485665,3.369535519,4.711699978, 2.5397260,10.8465753,12.5945205,14.0123063,22.3643836
"Giant dogs","AKC-Recognized Breed","Female", 781, 260,0.1599285,5.334402,2.081596,10.247628, 0.14246575, 2.43287671, 4.79508197, 8.00000000,15.60928962,0.002739726,1.031065199,2.013234524,3.084145520,4.703114006, 1.3041096, 8.6000000,10.6123288,12.1224867,17.4657534
"Toy and Small dogs","Non-AKC-Recognized or Mixed Breed","Male",2126, 538,0.1133107,7.781945,2.233304,14.350420, 0.00000000, 3.77322404, 7.69220376,11.25821918,24.41095890,0.002732240,1.029788906,2.082191781,3.546137435,5.010958904, 4.1534247,12.8658339,14.7414552,16.4287671,22.6273973
"Medium dogs","Non-AKC-Recognized or Mixed Breed","Male",1933, 525,0.1214152,7.301094,2.236941,14.035314, 0.00000000, 3.12602740, 7.00000000,11.00000000,22.67671233,0.002739726,1.054794521,2.081158769,3.445355191,4.654285500, 1.1917808,12.6520548,14.4958904,15.9095890,20.5890411
"Standard dogs","Non-AKC-Recognized or Mixed Breed","Male",3194, 845,0.1199728,6.524125,2.205155,12.908722, 0.00000000, 2.98838798, 6.00000000,10.00000000,18.00000000,0.002732240,1.030136986,2.082191781,3.350009357,4.691496369, 0.8136986,11.3780822,13.5479452,14.9534247,19.8191781
"Large dogs","Non-AKC-Recognized or Mixed Breed","Male",2142, 655,0.1412162,6.844372,2.165395,12.291633, 0.00000000, 3.45000000, 6.70765027,10.00000000,20.58630137,0.005479452,1.027397260,2.056497492,3.289993637,4.636612022, 1.3934426,10.8904110,12.6967213,14.0739726,20.2931507
"Giant dogs","Non-AKC-Recognized or Mixed Breed","Male", 827, 287,0.1680430,6.360316,2.065171,11.351848, 0.23287671, 3.11643836, 6.00273973, 9.25479452,21.17534247,0.002739726,1.006849315,2.027397260,3.068399581,5.002140879, 1.4000000, 9.6826334,11.8410959,13.3256381,22.1890411
"Toy and Small dogs","AKC-Recognized Breed","Male",2496, 890,0.1633718,8.359540,2.182571,14.363202, 0.18630137, 3.78825137, 8.74693091,12.41558500,23.31232877,0.002739726,1.027397260,2.054794521,3.372524141,4.773224044, 0.8136986,13.0356164,14.6963096,16.2089041,22.8164384
"Medium dogs","AKC-Recognized Breed","Male",1454, 396,0.1237495,6.774253,2.200835,13.470074, 0.18082192, 2.68287671, 6.00000000,10.43424658,20.37808219,0.019125683,1.054794521,2.059985777,3.272080620,4.713751029, 2.3945205,11.9280822,13.9917921,15.5849315,24.4493151
"Standard dogs","AKC-Recognized Breed","Male",2018, 550,0.1233975,6.144728,2.208692,12.345817, 0.10136986, 2.47123288, 5.54994012, 9.41575342,21.66666667,0.002739726,1.030391496,2.082191781,3.406780073,4.656561120, 1.3506849,10.7561644,12.8645819,14.4150685,18.5643836
"Large dogs","AKC-Recognized Breed","Male",3494,1040,0.1349467,5.917630,2.205708,11.470906, 0.00000000, 2.65776817, 5.29178082, 8.92822816,24.82786885,0.002739726,1.041095890,2.063736058,3.290736582,4.714566959, 1.4821918, 9.8110936,12.0315068,13.5208567,25.8547945
"Giant dogs","AKC-Recognized Breed","Male", 829, 281,0.1618759,4.717075,2.093966, 9.438698, 0.16712329, 2.00000000, 4.00000000, 7.00821918,15.70684932,0.002732240,1.032876712,2.049389924,3.057968411,4.704918033, 1.8164384, 7.5698630, 9.8196721,11.2602740,17.5136612
