"","Variable","abs.coef","Type","y","coef","exp(coef)","se(coef)","z","Pr(>|z|)","exp(-coef)","lower .95","upper .95","Variable.y.y","DataFile","SurveyText","Values","ValueLabels","variable_group","variable_group_name","num.values","make.factor","num.na","Ref","score.pval","zph.pval","score.pval.xrand","score.pval.adjust","score.pval.xrand.adjust","zph.pval.adjust"
"36","hs_general_health",1.58214725614003,"factor","xVery poor",1.58214725614003,4.86539184532203,0.159809974282744,9.90017840401388,4.15533118692883e-23,0.205533291416493,3.5570283465903,6.65500398140422,"hs_general_health|Very poor","HLES_dog_owner","Would you say that in general your dog's health is:","1 | 2 | 3 | 4 | 5 | 6"," Excellent |  Very good |  Good |  Fair |  Poor |  Very poor","hs","Health Status",6,TRUE,0,"Excellent",3.59258405280488e-208,7.53889629185953e-23,0.762204016386391,2.09321477392056e-204,1,3.98342915030084e-19
"33","hs_chronic_condition_present",0.308459964006487,"factor","xYes",0.308459964006487,1.36132700637736,0.0193168376082571,15.9684504400779,2.11987116619708e-57,0.734577361144923,1.31075021696662,1.41385535878919,"hs_chronic_condition_present|Yes","HLES_dog_owner","Does your dog have any ongoing medical conditions?","True | False","Yes | No","hs","Health Status",2,TRUE,0,"No",9.02918606781633e-58,0.000115488514366277,0.144098278383446,2.63042219692463e-54,1,0.055474760717514
"68","pa_on_leash_walk_slow_pace_pct",0.336004318854186,"numeric","x",0.336004318854186,1.39934506836519,0.0233711271967458,14.376898299581,7.22611936126745e-47,0.71462001946973,1.3366917943917,1.46493501985555,"pa_on_leash_walk_slow_pace_pct","HLES_dog_owner","What % of the time are your on-leash activities at a slow pace?","Numeric",NA,"pa","Physical Activity",1,FALSE,2615,NA,3.55231789449807e-47,0.00151255137382086,0.607663781491833,6.89917915084022e-44,1,0.363276062542202
"50","pa_activity_level",0.256766460692342,"factor","xNot active",0.256766460692342,1.29274318515467,0.0222176150859453,11.5568867179975,6.81344427450271e-31,0.773548846734285,1.23765781586511,1.35028028049554,"pa_activity_level|Not active","HLES_dog_owner","Please choose the best description of your dog's lifestyle over the past year:","1 | 2 | 3"," Not active  |  Moderately active  |  Very Active","pa","Physical Activity",3,TRUE,0,"Moderately active",1.27361930431972e-44,0.0564639658006368,0.842997165747787,1.85518188646905e-41,1,1
"6","db_energetic_frequency",0.289270274405758,"factor","xNever",0.289270274405758,1.33545261841952,0.026685669670316,10.8399106329166,2.22688480936891e-27,0.748809793928501,1.26739970221341,1.4071596300117,"db_energetic_frequency|Never","HLES_dog_owner","Active, energetic, always on the go:","0 | 1 | 2 | 3 | 4 ","Never | Seldom | Sometimes | Usually | Always","db","Dog Behavior",5,TRUE,415,"Sometimes",9.59108633303494e-36,0.802572787828116,0.318846663718827,1.11764698140226e-32,1,1
"71","pa_physical_games_frequency",0.274676901187807,"factor","xNever",0.274676901187807,1.31610537408115,0.0268110279847949,10.2449224007219,1.24724925692355e-24,0.759817579726974,1.24873151984614,1.38711430612298,"pa_physical_games_frequency|Never","HLES_dog_owner","How often does your dog fetch items or play other games (such as Frisbee) that involve physical activity?","1 | 2 | 3 | 4 | 5"," Daily  |  Weekly  |  Monthly  |  Rarely  |  Never","pa","Physical Activity",5,TRUE,0,"Daily",8.54497914770114e-26,0.000228220886656427,0.899886579257606,8.29786969115189e-23,1,0.0861344095076963
"9","db_playful_frequency",0.23123641947871,"factor","xNever",0.23123641947871,1.26015712992604,0.0260935147816112,8.86183488173349,7.87081153540282e-19,0.793551832745407,1.1973299909878,1.32628097855741,"db_playful_frequency|Never","HLES_dog_owner","Playful, puppyish, boisterous:","0 | 1 | 2 | 3 | 4 ","Never | Seldom | Sometimes | Usually | Always","db","Dog Behavior",5,TRUE,119,"Sometimes",1.47016734273983e-22,0.0517104397212679,0.758089432277036,1.22370176083619e-19,1,1
"25","df_appetite_change_last_year",0.339052152424839,"factor","xEats less than usual",0.339052152424839,1.40361654531031,0.0353254894898496,9.59794633623582,8.15530960957644e-22,0.712445292370732,1.30972273912401,1.50424158290673,"df_appetite_change_last_year|Eats less than usual","HLES_dog_owner","In the past 12 months, has your dog's appetite stayed about the same? How has your dog's appetite changed in the past 12 months?","0 | 1 | 2 | 99","Yes | Eats less than usual  |  Eats more than usual | Don't Know","df","Diet Survey",4,TRUE,9881,"Yes",1.01422249346461e-21,0.00700022278151571,0.375906224430999,7.38669393728297e-19,1,0.999676460153534
"59","pa_off_leash_walk_slow_pace_pct",0.337335636595546,"numeric","x",0.337335636595546,1.40120928193594,0.0360046823405282,9.36921574269323,7.30734573700006e-21,0.713669266177269,1.30573716140556,1.50366207673063,"pa_off_leash_walk_slow_pace_pct","HLES_dog_owner","What % of the time are your off-leash activities slow?","Numeric",NA,"pa","Physical Activity",1,FALSE,29356,NA,5.50143111451523e-21,1.07031850686669e-05,0.0909549614969142,3.5615580185765e-18,1,0.00942564573402913
"72","pa_swim",0.210007134084447,"factor","xYes",-0.210007134084447,0.810578463214352,0.0226289833861705,-9.28044934677851,1.68765312176433e-20,1.2336868611516,0.775413280557955,0.847338395538137,"pa_swim|Yes","HLES_dog_owner","Does your dog go swimming?","True | False","Yes | No","pa","Physical Activity",2,TRUE,0,"No",1.48857600877437e-20,0.00223535764395389,0.988995108381205,8.67317019691576e-18,1,0.47245052620706
"51","pa_avg_activity_intensity",0.241433221748007,"factor","xVigorous (sprinting)",-0.241433221748007,0.78550125643846,0.0359592963082152,-6.71406969921293,1.89269829332513e-11,1.27307243852683,0.732045837517799,0.8428600946063,"pa_avg_activity_intensity|Vigorous (sprinting)","HLES_dog_owner","Over the past year, when your dog is being active what is the average intensity level of that activity?","1 | 2 | 3"," Low (walking)  |  Moderate (jogging)  |  Vigorous (sprinting)","pa","Physical Activity",3,TRUE,0,"Low (walking)",1.89030880086522e-20,0.483334608729023,0.942929436633949,1.00126013402877e-17,1,1
"37","hs_health_conditions_cancer",0.244440356296414,"factor","xOnly non-congenital disorder(s)",0.244440356296414,1.27690650052025,0.0269552294833697,9.06838342620023,1.20795816415355e-19,0.783142696503284,1.21119694004387,1.34618092001769,"hs_health_conditions_cancer|Only non-congenital disorder(s)","HLES_dog_owner","Cancer or Tumors","0 | 1 | 2 | 3"," No disorder(s)  |  Only congenital disorder(s)  |  Only non-congenital disorder(s)  |  Both congenital and non-congenital disorder(s)","hs","Health Status",4,TRUE,0,"No disorder(s)",9.92018018284992e-20,2.89791817363424e-07,0.931536010188264,4.81665086872574e-17,1,0.000510404144105551
"44","hs_new_condition_diagnosed_recently",0.212211214219732,"factor","xYes",0.212211214219732,1.23640900466464,0.0234941111808128,9.03252787843451,1.67751066648883e-19,0.808793850762385,1.1807662621832,1.29467387049937,"hs_new_condition_diagnosed_recently|Yes","HLES_dog_owner","In the past three months, has your dog been diagnosed with any new conditions?","True | False","Yes | No","hs","Health Status",2,TRUE,0,"No",1.44445940534029e-19,0.000160159331123296,0.750939390140257,6.47394256772703e-17,1,0.0650965874528419
"38","hs_health_conditions_cardiac",0.278624575749435,"factor","xBoth congenital and non-congenital disorder(s)",0.278624575749435,1.32131119847641,0.0968870734991881,2.87576624710179,0.00403048069073765,0.756823979962548,1.09278490994497,1.59762755445358,"hs_health_conditions_cardiac|Both congenital and non-congenital disorder(s)","HLES_dog_owner","Cardiac disorders","0 | 1 | 2 | 3"," No disorder(s)  |  Only congenital disorder(s)  |  Only non-congenital disorder(s)  |  Both congenital and non-congenital disorder(s)","hs","Health Status",4,TRUE,0,"No disorder(s)",2.69149994675202e-17,0.00104631372767624,0.929289220177391,1.12014228869789e-14,1,0.325208830844373
"18","de_recreational_spaces",0.160190162673202,"factor","xNo",0.160190162673202,1.17373405017557,0.0192775547553696,8.30967229537148,9.5966723390781e-17,0.851981758431917,1.13021383534782,1.21893006213075,"de_recreational_spaces|No","HLES_dog_owner","Do you ever take your dog to parks or other open spaces meant for recreational activities?","True | False","Yes | No","de","Dog Environment",2,TRUE,0,"Yes",8.94091371701488e-17,0.000135575208147642,0.287245443064452,3.47294174327302e-14,1,0.059696430273727
"31","df_weight_change_last_year",0.332444322460799,"factor","xMy dog is a puppy who was growing to his/her full size during the past year",0.332444322460799,1.39437226180734,0.128584512238288,2.58541496696528,0.00972618604489206,0.717168597935124,1.08374573045769,1.79403152405188,"df_weight_change_last_year|My dog is a puppy who was growing to his/her full size during the past year","HLES_dog_owner","In the past 12 months, has your dog's weight stayed about the same? How has your dog's weight changed in the past 12 months?","0 | 1 | 2 | 3 | 99","Yes | Lost weight | Gained weight | My dog is a puppy who was growing to his/her full size during the past year | Don't know","df","Diet Survey",5,TRUE,9881,"Yes",7.5128973846899e-14,0.242083236141983,0.39055958777123,2.73586288612788e-11,1,1
"39","hs_health_conditions_endocrine",0.631385459772712,"factor","xBoth congenital and non-congenital disorder(s)",0.631385459772712,1.88021373605885,0.244323341935057,2.58422079025318,0.00975992926580232,0.531854427410003,1.16476635003986,3.03511832492705,"hs_health_conditions_endocrine|Both congenital and non-congenital disorder(s)","HLES_dog_owner","Endocrine disorders","0 | 1 | 2 | 3"," No disorder(s)  |  Only congenital disorder(s)  |  Only non-congenital disorder(s)  |  Both congenital and non-congenital disorder(s)","hs","Health Status",4,TRUE,0,"No disorder(s)",8.88784343018978e-14,6.08195970895863e-05,0.843198723379378,3.04617133892492e-11,1,0.0357067528450658
"34","hs_chronic_condition_recently_changed_or_treated",0.198553758342474,"factor","xYes",0.198553758342474,1.21963759134726,0.0271339255865257,7.31754635757801,2.52545907454605e-13,0.819915692247039,1.15646997619755,1.28625548854996,"hs_chronic_condition_recently_changed_or_treated|Yes","HLES_dog_owner","In the past three months, has your dog had any changes to the status of, or medications for, these conditions?","True | False","Yes | No","hs","Health Status",2,TRUE,33557,"No",2.32063772543477e-13,3.70555574586163e-06,0.177696719507243,7.51175987410469e-11,1,0.00479934299524229
"42","hs_health_conditions_neurological",0.820773576000743,"factor","xBoth congenital and non-congenital disorder(s)",0.820773576000743,2.27225692124769,0.230576250086466,3.55966226223627,0.000371332041206175,0.440091078895649,1.44607419096398,3.57046100982977,"hs_health_conditions_neurological|Both congenital and non-congenital disorder(s)","HLES_dog_owner","Neurologic disorders","0 | 1 | 2 | 3"," No disorder(s)  |  Only congenital disorder(s)  |  Only non-congenital disorder(s)  |  Both congenital and non-congenital disorder(s)","hs","Health Status",4,TRUE,0,"No disorder(s)",6.67206574557376e-13,0.00514225034609688,0.485690568811978,2.04603740810263e-10,1,0.799141394559198
"63","pa_on_leash_walk_brisk_pace_pct",0.204592475027521,"numeric","x",-0.204592475027521,0.814979373192735,0.0285804527143841,-7.15847565719463,8.15790704693076e-13,1.22702491976261,0.770582055848192,0.861934655354175,"pa_on_leash_walk_brisk_pace_pct","HLES_dog_owner","What % of the time are your on-leash activities at a brisk pace?","Numeric",NA,"pa","Physical Activity",1,FALSE,2615,NA,7.57646869590361e-13,0.139022495726188,0.330491927465412,2.20721018288078e-10,1,1
"5","db_defecates_alone_frequency",0.296987040238825,"factor","xSometimes",0.296987040238825,1.34579785811625,0.0455944044250233,6.51367298211338,7.3335062681318e-11,0.743053642097282,1.23074988924857,1.47160027454164,"db_defecates_alone_frequency|Sometimes","HLES_dog_owner","Defecates when left alone at night or during the daytime:","0 | 1 | 2 | 3 | 4 ","Never | Seldom | Sometimes | Usually | Always","db","Dog Behavior",5,TRUE,369,"Never",1.59844535696209e-11,0.0975072828310413,0.249438050080227,4.43491553886573e-09,1,1
"4","db_chases_squirrels_frequency",0.217073476030723,"factor","xNever",0.217073476030723,1.2424353880048,0.031146738141044,6.96938071164092,3.18339162671938e-12,0.804870828418593,1.16885775134853,1.32064461358597,"db_chases_squirrels_frequency|Never","HLES_dog_owner","Chases or would chase squirrels, rabbits, etc., given the chance:","0 | 1 | 2 | 3 | 4 ","Never | Seldom | Sometimes | Usually | Always","db","Dog Behavior",5,TRUE,453,"Always",2.86488563311982e-11,0.00354836644482875,0.0233608229065739,7.58737348014699e-09,1,0.646516769100939
"16","de_eats_grass_frequency",0.149334933584752,"factor","xNever",0.149334933584752,1.1610618026838,0.0269126272693953,5.54887979125597,2.87505763186468e-08,0.861280594787028,1.10140556820912,1.223949241371,"de_eats_grass_frequency|Never","HLES_dog_owner","How often do you see your dog eating grass?","1 | 2 | 0"," Frequently  |  Infrequently  |  Never","de","Dog Environment",3,TRUE,0,"Infrequently",3.34689144938249e-10,0.211644211809963,0.415668139363173,8.47853162730565e-08,1,1
"12","db_training_obeys_stay_command_frequency",0.159850980476065,"factor","xSeldom",0.159850980476065,1.17333600798981,0.030996454640567,5.15707303721305,2.50839978534707e-07,0.852270784490138,1.10417565802949,1.24682823573773,"db_training_obeys_stay_command_frequency|Seldom","HLES_dog_owner","Obeys a """"""""stay"""""""" command immediately:","0 | 1 | 2 | 3 | 4 ","Never | Seldom | Sometimes | Usually | Always","db","Dog Behavior",5,TRUE,525,"Usually",6.04927859838789e-10,0.00221770743084354,0.320113333854843,1.46858537239383e-07,1,0.47245052620706
"13","db_urinates_alone_frequency",0.3255368943063,"factor","xUsually",0.3255368943063,1.38477392366725,0.0703256321385788,4.62899350360364,3.67447294286929e-06,0.722139536937362,1.20647295303651,1.58942545279816,"db_urinates_alone_frequency|Usually","HLES_dog_owner","Urinates when left alone at night or during the daytime:","0 | 1 | 2 | 3 | 4 ","Never | Seldom | Sometimes | Usually | Always","db","Dog Behavior",5,TRUE,256,"Never",6.4055458436053e-10,0.002390511923466,0.226096625705671,1.4928734301308e-07,1,0.48581049693311
"61","pa_on_leash_walk_average_pace_pct",0.123946331402226,"numeric","x",-0.123946331402226,0.883427251912343,0.0205826698859074,-6.02187821547342,1.7240460081926e-09,1.13195511892497,0.848497939185705,0.919794466643464,"pa_on_leash_walk_average_pace_pct","HLES_dog_owner","What % of the time are your on-leash activities at an average pace?","Numeric",NA,"pa","Physical Activity",1,FALSE,2615,NA,1.69074622080818e-09,0.000278768863441508,0.842354053299168,3.78888942453009e-07,1,0.098197930115951
"40","hs_health_conditions_kidney",0.578408890685563,"factor","xBoth congenital and non-congenital disorder(s)",0.578408890685563,1.78319890796159,0.278414817623919,2.07750756810248,0.0377547374661459,0.560789935175049,1.03326725642206,3.07742099209283,"hs_health_conditions_kidney|Both congenital and non-congenital disorder(s)","HLES_dog_owner","Kidney or urinary disorders","0 | 1 | 2 | 3"," No disorder(s)  |  Only congenital disorder(s)  |  Only non-congenital disorder(s)  |  Both congenital and non-congenital disorder(s)","hs","Health Status",4,TRUE,0,"No disorder(s)",1.91953783170419e-09,0.227319955563191,0.726750570100473,4.1422829891354e-07,1,1
"66","pa_on_leash_walk_reasons_exercise_for_owner",0.118928121725127,"factor","xNo",0.118928121725127,1.12628895967138,0.0203084925983642,5.85607824653154,4.73924996643399e-09,0.887871617148566,1.0823387484764,1.17202384416461,"pa_on_leash_walk_reasons_exercise_for_owner|No","HLES_dog_owner","What is the reason for your activities? Exercise for you","True | False","Yes | No","pa","Physical Activity",2,TRUE,2615,"Yes",4.64998185097613e-09,0.286675164055106,0.122066201781575,9.67609402935634e-07,1,1
"20","de_routine_toys",0.115805649333671,"factor","xNo",0.115805649333671,1.12277763834485,0.0198336567099687,5.83884510189514,5.25639104009417e-09,0.890648304569156,1.07996906423649,1.16728308885261,"de_routine_toys|No","HLES_dog_owner","Does your dog regularly lick, chew, or play with toys?","True | False","Yes | No","de","Dog Environment",2,TRUE,0,"Yes",5.17857178311382e-09,0.062206188656316,0.596457934523243,1.04044435031322e-06,1,1
"22","de_stairs_in_home",0.107917187185621,"factor","xNo",0.107917187185621,1.11395549177726,0.0186765768561549,5.77821021575784,7.54994417434227e-09,0.897701934575993,1.07391598760232,1.15548781467647,"de_stairs_in_home|No","HLES_dog_owner","Is there a staircase with more than 8 stairs that your dog uses regularly?","True | False","Yes | No","de","Dog Environment",2,TRUE,0,"Yes",7.43128732815807e-09,0.380333225454178,0.263203380820837,1.44327687220052e-06,1,1
"56","pa_off_leash_walk_brisk_pace_pct",0.219385977117158,"numeric","x",-0.219385977117158,0.803011714183771,0.0398857391612759,-5.50036132538706,3.79013744610902e-08,1.24531184581343,0.74262758652001,0.868305762970716,"pa_off_leash_walk_brisk_pace_pct","HLES_dog_owner","What % of the time are your off-leash activities at a brisk pace?","Numeric",NA,"pa","Physical Activity",1,FALSE,29356,NA,3.60991381532573e-08,0.810750330101374,0.293481245996562,6.78487722320402e-06,1,1
"11","db_training_obeys_sit_command_frequency",0.184620174203207,"factor","xNever",0.184620174203207,1.20276151350671,0.0459285175784123,4.01972856816053,5.8265230457522e-05,0.831420018657274,1.0992212053117,1.3160547225458,"db_training_obeys_sit_command_frequency|Never","HLES_dog_owner","Obeys a """"""""sit"""""""" command immediately:","0 | 1 | 2 | 3 | 4 ","Never | Seldom | Sometimes | Usually | Always","db","Dog Behavior",5,TRUE,181,"Usually",4.208179068839e-08,0.00123594343885584,0.484412998005446,7.66215771566274e-06,1,0.326780191981409
"43","hs_health_conditions_orthopedic",0.277174990932289,"factor","xBoth congenital and non-congenital disorder(s)",0.277174990932289,1.31939723338689,0.107756319359749,2.57223884946301,0.0101043154952709,0.757921856053163,1.06820159905072,1.62966340905686,"hs_health_conditions_orthopedic|Both congenital and non-congenital disorder(s)","HLES_dog_owner","Orthopedic disorders","0 | 1 | 2 | 3"," No disorder(s)  |  Only congenital disorder(s)  |  Only non-congenital disorder(s)  |  Both congenital and non-congenital disorder(s)","hs","Health Status",4,TRUE,0,"No disorder(s)",2.2726976975256e-07,0.993711696449626,0.608114488236387,4.01268053873844e-05,1,1
"2","db_barks_frequency",0.0952394558278033,"factor","xNever",0.0952394558278033,1.0999222063768,0.0249827494252837,3.81220874478358,0.000137730479715905,0.909155205888655,1.04736152326974,1.15512058940628,"db_barks_frequency|Never","HLES_dog_owner","Barks persistently when alarmed or excited:","0 | 1 | 2 | 3 | 4 ","Never | Seldom | Sometimes | Usually | Always","db","Dog Behavior",5,TRUE,102,"Seldom",4.00635354638448e-07,0.0322096825291984,0.569694434178254,6.48415853137304e-05,1,1
"28","df_primary_diet_component_change_health_condition_specific",0.208830226759943,"factor","xYes",0.208830226759943,1.23223578011001,0.0412331580137683,5.06461878787483,4.09218404654485e-07,0.811533000535599,1.13656973524913,1.33595411763318,"df_primary_diet_component_change_health_condition_specific|Yes","HLES_dog_owner","What were the reasons for the diet change? Health diagnosis prompted change to a condition-specific diet","True | False","Yes | No","df","Diet Survey",2,TRUE,39411,"No",3.92457458429152e-07,1.72192417492456e-08,0.962159212448703,6.48415853137304e-05,1,4.54918245818603e-05
"69","pa_other_aerobic_activity_avg_intensity",0.202229734110272,"factor","xEngages in strenuous exercise most of the time (greater than 60%)",-0.202229734110272,0.816907234926528,0.0616532439043372,-3.28011506457075,0.00103764757169151,1.22412920004306,0.723924718704329,0.921832634296142,"pa_other_aerobic_activity_avg_intensity|Engages in strenuous exercise most of the time (greater than 60%)","HLES_dog_owner","During these periods of other aerobic activity, which of the following best describes your dog's activity level?","1 | 2 | 3"," Bursts of exercise less than 30% of the time  |  Engages in moderate exercise (greater than 30% of the time but less than 60% of the time)  |  Engages in strenuous exercise most of the time (greater than 60%)","pa","Physical Activity",3,TRUE,27073,"Bursts of exercise less than 30% of the time",3.90736889865732e-07,0.42273002891473,0.609708456826489,6.48415853137304e-05,1,1
"62","pa_on_leash_walk_avg_hours",0.0694650049255649,"numeric","x",-0.0694650049255649,0.932892779465584,0.0138738684331181,-5.00689517566319,5.53150309786998e-07,1.07193454811909,0.90786709033247,0.958608310893078,"pa_on_leash_walk_avg_hours","HLES_dog_owner","Average number of hours of leash-walking:"," 0 | 1 | 2 | 3 | 4 | 5 | 6 | 7 | 8","0 | 1 | 2 | 3 | 4 | 5 | 6 | 7 | 8+","pa","Physical Activity",9,FALSE,2615,NA,5.59400241374849e-07,0.0119526117622675,0.44237150012765,8.80902371023695e-05,1,1
"14","de_daytime_sleep_avg_hours",0.00978818305287157,"numeric","x",0.00978818305287157,1.0098362439984,0.00201142612841434,4.86629009865148,1.13712570875951e-06,0.990259565294021,1.00586298066971,1.01382520213023,"de_daytime_sleep_avg_hours","HLES_dog_owner","How many hours does your dog sleep on an average day?","99 | 0 | 1 | 2 | 3 | 4 | 5 | 6 | 7 | 8 | 9 | 10 | 11 | 12 | 13 | 14 | 15 | 16 | 17 | 18 | 19 | 20 | 21 | 22 | 23 | 24","Don't know | 0 | 1 | 2 | 3 | 4 | 5 | 6 | 7 | 8 | 9 | 10 | 11 | 12 | 13 | 14 | 15 | 16 | 17 | 18 | 19 | 20 | 21 | 22 | 23 | 24","de","Dog Environment",26,FALSE,5483,NA,1.13080227251722e-06,0.00960150249722794,0.0497072467495522,0.000168938611004834,1,1
"48","mp_recent_non_prescription_meds_upset_stomach",0.116767516321857,"factor","xYes",0.116767516321857,1.12385812064707,0.0239927868880176,4.86677587171723,1.13433545073526e-06,0.889792031243446,1.07223206539384,1.17796987807899,"mp_recent_non_prescription_meds_upset_stomach|Yes","HLES_dog_owner","Given in past year: Medications for stomach or GI upset (such as Pepcid)","True | False","Yes | No","mp","Medicines and Preventatives",2,TRUE,0,"No",1.11897976875154e-06,0.0523348485578914,0.519893536490242,0.000168938611004834,1,1
"53","pa_cold_weather_daily_hours_outside",0.157468549247804,"factor","xBetween 3-8 hours",-0.157468549247804,0.854303681679359,0.0394866765476797,-3.98789067643266,6.66633685939166e-05,1.17054394291528,0.790680736216699,0.923046113432673,"pa_cold_weather_daily_hours_outside|Between 3-8 hours","HLES_dog_owner","How much time per day does your dog spend outdoors on average in cold weather (below 40 degrees Fahrenheit)?","1 | 2 | 3 | 4 | 5"," Less than 3 hours  |  Between 3-8 hours  |  Between 8-16 hours  |  More than 16 hours  |  My dog does not spend time in a cold area","pa","Physical Activity",5,TRUE,7951,"Less than 3 hours",1.58149194598886e-06,0.293869389731474,0.925574910272305,0.00023036359466633,1,1
"29","df_primary_diet_component_change_recent",0.103555549384807,"factor","xYes",0.103555549384807,1.10910740188775,0.0216187037056763,4.79009059907775,1.66706025906738e-06,0.901625936584637,1.06309415340919,1.15711221341721,"df_primary_diet_component_change_recent|Yes","HLES_dog_owner","Have you made any changes to the primary component of your dog's diet in the past 12 months? ","True | False","Yes | No","df","Diet Survey",2,TRUE,9881,"No",1.64983722210131e-06,0.68592636633536,0.118684783788952,0.000234457480859519,1,1
"3","db_chases_birds_frequency",0.0928488007871755,"factor","xNever",0.0928488007871755,1.09729581246162,0.0265963464838311,3.49103591516308,0.000481151568921752,0.91133128245213,1.04156138556892,1.15601261406991,"db_chases_birds_frequency|Never","HLES_dog_owner","Chases or would chase birds, given the chance:","0 | 1 | 2 | 3 | 4 ","Never | Seldom | Sometimes | Usually | Always","db","Dog Behavior",5,TRUE,263,"Sometimes",3.25432225199989e-06,0.0185423239733263,0.777674416118608,0.000451458795917198,1,1
"15","de_drinks_outdoor_water",0.0950896124254404,"factor","xYes",-0.0950896124254404,0.909291447005143,0.0206825363782508,-4.5975798464174,4.27426843588779e-06,1.09975740263874,0.873168578874266,0.946908713392635,"de_drinks_outdoor_water|Yes","HLES_dog_owner","Does your dog drink from outdoor water sources (such as lake, river, stream, pond, puddles, etc.)?","True | False","Yes | No","de","Dog Environment",2,TRUE,0,"No",4.24343224993664e-06,0.00119059192372725,0.0597507492499308,0.00057498388198694,1,0.326780191981409
"57","pa_off_leash_walk_reasons_activity_and_enjoyment",0.177383249174903,"factor","xNo",0.177383249174903,1.19408863893014,0.0387188596931339,4.58131387599616,4.62063732046231e-06,0.837458767630484,1.10682513540712,1.2882321082251,"pa_off_leash_walk_reasons_activity_and_enjoyment|No","HLES_dog_owner","What is the reason for your activities? General activity and enjoyment","True | False","Yes | No","pa","Physical Activity",2,TRUE,29356,"Yes",4.4947699296011e-06,0.375444967738036,0.344951308547496,0.000595198247513974,1,1
"55","pa_moderate_weather_outdoor_sand",0.131604835054058,"factor","xYes",-0.131604835054058,0.876687362752995,0.0287855470504832,-4.57190668717372,4.83306170318328e-06,1.14065748234328,0.828595259419409,0.927570756981329,"pa_moderate_weather_outdoor_sand|Yes","HLES_dog_owner","Sand:","True | False","Yes | No","pa","Physical Activity",2,TRUE,697,"No",4.7587946315711e-06,0.403652688422294,0.960018130167678,0.00061615688085642,1,1
"10","db_pulls_leash_frequency",0.0998320573794791,"factor","xNever",0.0998320573794791,1.10498532836019,0.0232896747823775,4.28653720210033,1.81479822179838e-05,0.904989391564149,1.05568002590247,1.15659342407988,"db_pulls_leash_frequency|Never","HLES_dog_owner","Pulls excessively hard when on the leash:","0 | 1 | 2 | 3 | 4 ","Never | Seldom | Sometimes | Usually | Always","db","Dog Behavior",5,TRUE,366,"Seldom",6.42637214577657e-06,0.00842883762571301,0.658605203005476,0.000813982172873513,1,1
"70","pa_other_aerobic_activity_frequency",0.139089296410315,"factor","xLess than once a week",-0.139089296410315,0.870150323688585,0.0409333931460587,-3.39794201555723,0.00067894808895121,1.14922671724235,0.803066886497421,0.942837512722896,"pa_other_aerobic_activity_frequency|Less than once a week","HLES_dog_owner","Other than the on-leash and off-leash activities already described above, what is the average frequency that your dog gets other aerobic (elevated heart rate) activity? These might include working, mushing, or herding.","0 | 1 | 2 | 3 | 4 | 5 | 6"," Never  |  Less than once a month  |  Less than once a week  |  Once or twice a week  |  3-6 times a week  |  Once a day  |  More than once a day","pa","Physical Activity",7,TRUE,0,"Never",7.68281893760898e-06,0.61782227202268,0.641914083997467,0.000952422384271457,1,1
"27","df_ever_underweight",0.14293629380008,"factor","xUnknown",0.14293629380008,1.15365630426576,0.033887637614358,4.21794801475093,2.46535637612707e-05,0.866809288262372,1.07952134579288,1.23288240066674,"df_ever_underweight|Unknown","HLES_dog_owner","Has your dog ever been considered underweight?","1 | 0 | 99"," Yes  |  No  |  Unknown","df","Diet Survey",3,TRUE,9881,"No",8.54194921986519e-06,0.000344943476301943,0.635107500683762,0.00103686592310098,1,0.113914047022952
"52","pa_avg_daily_active_hours",0.0283347434843792,"numeric","x",-0.0283347434843792,0.97206292060471,0.00637474697946806,-4.44484205814607,8.79564608956e-06,1.02873999080009,0.959993257507418,0.984284331400376,"pa_avg_daily_active_hours","HLES_dog_owner","Average number of hours active per day:","0 | 1 | 2 | 3 | 4 | 5 | 6 | 7 | 8","0 | 1 | 2 | 3 | 4 | 5 | 6 | 7 | 8+","pa","Physical Activity",9,FALSE,0,NA,8.78845475194514e-06,0.151618554480486,0.975952385590289,0.00104501685355689,1,1
"46","hs_vet_frequency",0.0973739515898933,"factor","xLess than Once Per Year",-0.0973739515898933,0.907216687570174,0.0573355227162067,-1.69831802304942,0.089447754877412,1.10227249311113,0.810787313719097,1.01511469688702,"hs_vet_frequency|Less than Once Per Year","HLES_dog_owner","How often is your dog seen by a veterinarian?","0 | 1 | 2 | 3"," Never  |  Less than Once Per Year  |  About Once Per Year  |  More than Once Per Year","hs","Health Status",4,TRUE,0,"More than Once Per Year",1.13731166657111e-05,0.181959593382527,0.056108896170124,0.00132530654705779,1,1
"41","hs_health_conditions_liver",0.940881059434701,"factor","xOnly congenital disorder(s)",0.940881059434701,2.56223790801534,0.409816700782673,2.29585826453093,0.0216839867376962,0.390283820589705,1.14757966529638,5.72079071789351,"hs_health_conditions_liver|Only congenital disorder(s)","HLES_dog_owner","Liver or pancreas disorders","0 | 1 | 2 | 3"," No disorder(s)  |  Only congenital disorder(s)  |  Only non-congenital disorder(s)  |  Both congenital and non-congenital disorder(s)","hs","Health Status",4,TRUE,0,"No disorder(s)",1.23698321646386e-05,0.04434557194497,0.679162394864878,0.00141318976881921,1,1
"60","pa_on_leash_off_leash_walk",0.177597787175803,"factor","xMy dog doesn't take walks",0.177597787175803,1.19434484380149,0.0523041647403844,3.39548080076075,0.00068508178454638,0.837279120171933,1.07797416663934,1.32327809891986,"pa_on_leash_off_leash_walk|My dog doesn't take walks","HLES_dog_owner","Over the past year, if your dog leaves the house with you, they are:","1 | 2 | 3 | 0"," On leash  |  Off leash  |  Both  |  My dog doesn't take walks","pa","Physical Activity",4,TRUE,0,"On leash",2.07790422125083e-05,0.0488769897479888,0.0306848916375194,0.00232824691020761,1,1
"65","pa_on_leash_walk_reasons_exercise_for_dog",0.105972636618501,"factor","xNo",0.105972636618501,1.1117914537166,0.0249469239621751,4.2479239837015,2.15760573717243e-05,0.899449259712426,1.05873792729446,1.16750350081063,"pa_on_leash_walk_reasons_exercise_for_dog|No","HLES_dog_owner","What is the reason for your activities? Exercise for the dog","True | False","Yes | No","pa","Physical Activity",2,TRUE,2615,"Yes",2.13917895330353e-05,0.708642928940826,0.264514016235742,0.00235167932487013,1,1
"58","pa_off_leash_walk_reasons_exercise_for_owner",0.126288529935304,"factor","xYes",-0.126288529935304,0.881360511202189,0.0302186979712873,-4.17915192955365,2.92598172565285e-05,1.13460948986242,0.830675470221804,0.935138183987986,"pa_off_leash_walk_reasons_exercise_for_owner|Yes","HLES_dog_owner","What is the reason for your activities? Exercise for you","True | False","Yes | No","pa","Physical Activity",2,TRUE,29356,"No",2.89318336149821e-05,0.0656485308821674,0.396626288042283,0.00312168482038818,1,1
"35","hs_congenital_condition_present",0.172285352297126,"factor","xYes",0.172285352297126,1.18801678817035,0.0415646437990791,4.14499768432861,3.39817144224186e-05,0.841738946753513,1.09507203601608,1.28885026971309,"hs_congenital_condition_present|Yes","HLES_dog_owner","Was your dog born with a congenital disorder (defect present at birth)?","True | False","Yes | No","hs","Health Status",2,TRUE,0,"No",3.32414215162952e-05,0.0686780920792475,0.427359819074269,0.0035214680424149,1,1
"23","de_wood_fireplace_present",0.0947663233311996,"factor","xYes",-0.0947663233311996,0.909585458536246,0.0216481911736312,-4.37756312160762,1.20013609713831e-05,1.099401920529,0.871799338143544,0.949009330681975,"de_wood_fireplace_present|Yes","HLES_dog_owner","Wood burning fireplace or wood stove present:","1 | 0 | 99"," Yes  |  No  |  Unknown","de","Dog Environment",3,TRUE,0,"No",4.78067436095305e-05,0.302867844224634,0.939964750070005,0.00497402528900239,1,1
"7","db_excitement_level_before_walk",0.1145469188917,"factor","xCalm: little or no special reaction 0",0.1145469188917,1.12136525304457,0.0364187860498003,3.14527010139945,0.00165933554143601,0.891770096571964,1.044112674991,1.20433365177427,"db_excitement_level_before_walk|Calm: little or no special reaction 0","HLES_dog_owner","Just before being taken for a walk:","0 | 1 | 2 | 3 | 4","Calm: little or no special reaction 0 | 1 | Mild to moderate excitability 2 | 3 | Extremely excitable: overreacts, hard to calm down 4","db","Dog Behavior",5,TRUE,145,"Mild to moderate excitability 2",4.89590638609388e-05,7.47941067226465e-05,0.123846266161817,0.0050045508115494,1,0.0395199792456906
"32","dt_weight_change",1.47054506655855,"factor","xI don't know",1.47054506655855,4.35160640988437,0.418105446756837,3.51716314141632,0.000436185604169639,0.229800194642735,1.91759816876399,9.87510243543489,"dt_weight_change|I don't know","HLES_dog_owner","In the past 12 months, has your dog's weight stayed about the same?","1 | 0 | 2 | 99","Yes | No | My dog is a puppy who was growing to their full size during the past year | I don't know","dt","Comprehensive Diet Survey",4,TRUE,40307,"Yes",5.24777592485223e-05,0.724528842219464,0.731285293104786,0.00527174194101754,1,1
"26","df_ever_overweight",0.176283676400382,"factor","xUnknown",0.176283676400382,1.19277637317048,0.0483742201793822,3.64416575082107,0.000268260507175192,0.838380120945834,1.0848827830148,1.31140017951074,"df_ever_overweight|Unknown","HLES_dog_owner","Has your dog ever been considered overweight?","1 | 0 | 99"," Yes  |  No  |  Unknown","df","Diet Survey",3,TRUE,9881,"No",6.08405918257149e-05,0.371285786716848,0.502616827526993,0.00600825382924383,1,1
"45","hs_recent_hospitalization",0.233333948069354,"factor","xYes",0.233333948069354,1.26280311958413,0.0610383402897707,3.82274398290705,0.00013197478671698,0.791889079533891,1.1204170694481,1.42328402727469,"hs_recent_hospitalization|Yes","HLES_dog_owner","In the past three months, has your dog been hospitalized for more than 24 hours?","True | False","Yes | No","hs","Health Status",2,TRUE,0,"No",0.000127455697631702,0.0013844131457585,0.966937626856501,0.0123769848008026,1,0.34833390455367
"17","de_home_years_lived_in",0.00620012971021179,"numeric","x",-0.00620012971021179,0.99381905143167,0.00163401190363853,-3.79442138481713,0.000147988160580852,1.0062193902999,0.990641333287067,0.997006962864467,"de_home_years_lived_in","HLES_dog_owner","How many years have you lived in this home?","0 | 1 | 2 | 3 | 4 | 5 | 6 | 7 | 8 | 9 | 10 | 11 | 12 | 13 | 14 | 15","Less than 1 | 1 | 2 | 3 | 4 | 5 | 6 | 7 | 8 | 9 | 10 | 11 | 12 | 13 | 14 | 15+","de","Dog Environment",16,FALSE,0,NA,0.000147608620146882,0.0706188605745626,0.847907739965497,0.0140990139098223,1,1
"19","de_routine_consistency",0.250007366389193,"factor","xSame routine on weekends only",-0.250007366389193,0.778795046142864,0.31787640699483,-0.786492362716491,0.431579091641929,1.28403487535353,0.417682512037734,1.45211184671737,"de_routine_consistency|Same routine on weekends only","HLES_dog_owner","How consistent is your dog's daily routine?  We understand that this can vary. Please just provide your best estimate.","1 | 2 | 3 | 4 | 5 | 0"," Same routine every day  |  Same routine on weekdays only  |  Same routine 3-5 days a week  |  Same routine on weekends only  |  Same routine on most weekends and same routine on most weekdays  |  No daily routine/my routine varies a lot","de","Dog Environment",6,TRUE,0,"Same routine every day",0.000153769940874268,0.743058888854618,0.713301150144058,0.014221249357977,1,1
"54","pa_moderate_weather_outdoor_other_hard_surface",0.0717313656189073,"factor","xYes",-0.0717313656189073,0.930780901981113,0.0189401967187827,-3.78725557521652,0.000152320403445754,1.07436669346305,0.896861825887619,0.965982788525255,"pa_moderate_weather_outdoor_other_hard_surface|Yes","HLES_dog_owner","Hard surface other than concrete or wood (asphalt, pavement, street):","True | False","Yes | No","pa","Physical Activity",2,TRUE,697,"No",0.000151849813064906,0.00430825037817232,0.906436220695753,0.014221249357977,1,0.734325431426848
"8","db_hyperactive_frequency",0.303193936513363,"factor","xAlways",0.303193936513363,1.35417706335585,0.137899663344821,2.1986561037152,0.0279023844364269,0.738455868925924,1.03346327289193,1.77441769535513,"db_hyperactive_frequency|Always","HLES_dog_owner","Hyperactive, restless, has trouble settling down:","0 | 1 | 2 | 3 | 4 ","Never | Seldom | Sometimes | Usually | Always","db","Dog Behavior",5,TRUE,241,"Never",0.000179352252407496,0.580221945273545,0.119919880803076,0.0163280271837947,1,1
"21","de_routine_toys_include_tennis_balls",0.667796814555619,"factor","xUnknown",0.667796814555619,1.94993651289444,0.335710902536087,1.9892020470912,0.0466789060587104,0.512837209512848,1.00986386674464,3.76511382328763,"de_routine_toys_include_tennis_balls|Unknown","HLES_dog_owner","Tennis ball","1 | 0 | 99"," Yes  |  No  |  Unknown","de","Dog Environment",3,TRUE,11262,"Yes",0.000183146915311983,0.117832403448271,0.915057764644876,0.0164169738076761,1,1
"1","db_aggression_level_delivery_workers_at_home",0.184581580801344,"factor","x3",-0.184581580801344,0.831452106603358,0.0499149832129413,-3.69791932041537,0.000217373950630746,1.20271509574399,0.753962120584583,0.916906283089068,"db_aggression_level_delivery_workers_at_home|3","HLES_dog_owner","When letter carriers or other delivery workers approach your home:","0 | 1 | 2 | 3 | 4","No aggression: no visible signs of aggression 0 | 1 | Moderate aggression: growling/barking, baring teeth 2 | 3 | Serious aggression: snaps, bites or attempts to bite 4","db","Dog Behavior",5,TRUE,260,"No aggression: no visible signs of aggression 0",0.000223181094737298,0.622864510711542,0.884125119039312,0.0194083874928842,1,1
"30","df_treats_other",0.0763383097983012,"factor","xYes",-0.0763383097983012,0.926502708588187,0.0206854526841045,-3.69043457564565,0.00022387126360983,1.07932765952062,0.889691013780324,0.96483751743636,"df_treats_other|Yes","HLES_dog_owner","Other","True | False","Yes | No","df","Diet Survey",2,TRUE,10216,"No",0.000223109040571922,0.0397523851833346,0.00822085101059507,0.0194083874928842,1,1
"24","df_appetite",0.123432075379832,"factor","xPoor (does not eat without encouragement)",0.123432075379832,1.13137315384034,0.0426571390290985,2.89358541592846,0.00380870682565742,0.88388167653227,1.0406292926001,1.23002996584157,"df_appetite|Poor (does not eat without encouragement)","HLES_dog_owner","How would you assess your dog's appetite?","1 | 2 | 3"," Poor (does not eat without encouragement)  |  Average (eats without prompting to do so and seems full afterwards)  |  Voracious (always ready for more food)","df","Diet Survey",3,TRUE,9881,"Average (eats without prompting to do so and seems full afterwards)",0.000227303190517435,0.092089965278753,0.994756042121891,0.0194761662274697,1,1
"67","pa_on_leash_walk_reasons_training_obedience",0.112952472923311,"factor","xYes",-0.112952472923311,0.893193109964685,0.0308074420409475,-3.66640218857446,0.000245986945277599,1.11957872138035,0.840856764021369,0.94878695852188,"pa_on_leash_walk_reasons_training_obedience|Yes","HLES_dog_owner","What is the reason for your activities? Training and obedience","True | False","Yes | No","pa","Physical Activity",2,TRUE,2615,"No",0.000244434469411416,0.123634006637985,0.184484717805563,0.0206404999091594,1,1
"49","od_max_education",1.54122399943136,"factor","xNursery school to 8th grade",1.54122399943136,4.67030322243876,1.00700024406388,1.53051005550064,0.12589052639997,0.214118859605397,0.648910671895942,33.6128424668897,"od_max_education|Nursery school to 8th grade","HLES_dog_owner","What is the highest degree or level of school you have completed? If currently enrolled, please indicate the highest degree received.","0 | 1 | 2 | 3 | 4 | 5 | 6 | 7 | 8 | 9 | 10 | 11","No schooling completed | Nursery school to 8th grade | Some high school, no diploma | High school graduate | High school equivalent degree (such as GED) | Some college credit, no degree | Trade, technical, or vocational training | Associate degree | Bachelor's degree | Master's degree | Professional degree (such as DVM, MD, DDS, or JD) | Doctorate degree (such as PhD, DrPH, or DPhil)","od","Owner Demographics",12,TRUE,0,"Bachelor's degree",0.000262694617475471,0.0214886915413677,0.56967336421989,0.0218655289518161,1,1
"47","mp_recent_non_prescription_meds_eye_lubricant",0.124532600578183,"factor","xYes",0.124532600578183,1.13261894389081,0.0351686506407572,3.54101161998695,0.000398596023441608,0.882909477537755,1.057178230562,1.21344314040441,"mp_recent_non_prescription_meds_eye_lubricant|Yes","HLES_dog_owner","Given in past year: Eye lubricants","True | False","Yes | No","mp","Medicines and Preventatives",2,TRUE,0,"No",0.000395271177885346,0.60651231633793,0.00671834498592094,0.0324372219719962,1,1
"64","pa_on_leash_walk_frequency",0.147075591964476,"factor","xLess than once a month",0.147075591964476,1.15844152859106,0.0375382342864197,3.91802104601612,8.92789129189469e-05,0.863228721795078,1.07627069429097,1.24688592031996,"pa_on_leash_walk_frequency|Less than once a month","HLES_dog_owner","Over the past year, what is the average frequency that your dog is active on a lead/leash?","1 | 2 | 3 | 4 | 5 | 6"," Less than once a month  |  Less than once a week  |  Once or twice a week  |  3-6 times a week  |  Once a day  |  More than once a day","pa","Physical Activity",6,TRUE,2615,"More than once a day",0.000483844049364616,0.51994522553559,0.25659282745272,0.0391543267989032,1,1
